,Perplexity,BLEU,ROUGE,Inference Time,Model Size,TOPSIS Score,Rank
BLOOM,25.2,65,72,0.1,176.0,0.6686978678353604,1.0
GPT-2,30.1,50,65,0.12,1.5,0.5312050979922917,2.0
GPT-3.5,15.3,85,92,0.08,175.0,0.48001182599695363,3.0
T5,20.5,70,80,0.09,11.0,0.333709290363456,4.0
LLaMA,18.7,78,85,0.07,13.0,0.30583505736232874,5.0
